id,text
1,"Where is my package? It's been a week."
2,"Love it, works perfectly!"
3,"Does this jacket come in navy blue?"
4,"The delivery was late and the box was crushed, but the product itself works fine."
5,"Great headphones, but I was charged twice. Please fix it."
6,"Can you tell me when my order ships? Also, can I still change the color?"
7,"The shoes fell apart after two days."
8,"I ordered a medium and got a small."
9,"This is the third time my order arrived missing items."
10,"Wow, only three weeks for delivery. Amazing service."
11,"Great, another broken charger. Exactly what I needed."
12,"Why does the screen flicker when I turn up the brightness?"
13,"Is it normal for the battery to drain this fast?"
14,"Nobody answered my emails about the faulty blender."
15,"The product is okay but your return process is a nightmare."
16,"Not what I expected."
17,"Hmm."
18,"Could be better."
19,"Can I get a discount since the shipping took two weeks?"
20,"I'll keep the scratched table if you give me 30% off."